{
  "model": "baselinecnn",
  "train_loss": [
    1.5936126386438096,
    1.267934314932142,
    1.2123884578091757,
    1.1856938925470624,
    1.167904925959451
  ],
  "val_loss": [
    1.2721685798168183,
    1.1864080374240875,
    1.1514514169692993,
    1.126884108543396,
    1.1079195873737335
  ]
}