{
  "model": "deeplab",
  "train_loss": [
    0.6054451337712151,
    0.4262703096015113,
    0.38304263926403864,
    0.3582461441116674,
    0.33260114461609297
  ],
  "val_loss": [
    0.34197957813739777,
    0.3078898842930794,
    0.3000293555855751,
    0.28642171239852904,
    0.28508453488349916
  ]
}