{
  "model": "fastscnn",
  "train_loss": [
    1.216737834078925,
    1.016011859008244,
    0.9611436940090997,
    0.9279409637451171,
    0.9051368673358645
  ],
  "val_loss": [
    1.0104026845693588,
    0.9292382688522339,
    0.8486965719461441,
    0.8513273849487305,
    0.8261926711797715
  ]
}