{
  "model": "mobilenet",
  "train_loss": [
    0.6439522201929774,
    0.4647265188438552,
    0.42788733068534307,
    0.39908042261430193,
    0.37655471034560883
  ],
  "val_loss": [
    0.3810229293704033,
    0.35607650101184846,
    0.3313128988146782,
    0.3166281468272209,
    0.3198079738020897
  ]
}